data,home_team,away_team,cidade,fase,P_home,P_draw,P_away,lambda_home,lambda_away,placar_mais_provavel,top3_placares,resultado_previsto,confianca,observacao
2026-06-11,Mexico,South Africa,Mexico City,Fase de Grupos,0.745,0.176,0.079,2.14,0.58,2-0(15%),2-0(15%) | 1-0(14%) | 3-0(11%),H,0.745,
2026-06-11,South Korea,Czech Republic,Zapopan,Fase de Grupos,0.441,0.263,0.296,1.33,1.22,1-1(13%),1-1(13%) | 1-0(10%) | 0-1(9%),H,0.441,
2026-06-12,United States,Paraguay,Inglewood,Fase de Grupos,0.425,0.318,0.257,1.33,1.02,1-1(13%),1-1(13%) | 1-0(13%) | 0-1(10%),H,0.425,
2026-06-12,Canada,Bosnia and Herzegovina,Toronto,Fase de Grupos,0.705,0.213,0.082,2.05,0.72,2-0(13%),2-0(13%) | 1-0(13%) | 2-1(9%),H,0.705,
2026-06-13,Australia,Turkey,Vancouver,Fase de Grupos,0.305,0.283,0.412,1.17,1.44,1-1(12%),1-1(12%) | 0-1(11%) | 1-2(9%),A,0.412,
2026-06-13,Qatar,Switzerland,Santa Clara,Fase de Grupos,0.119,0.216,0.664,0.95,2.14,0-2(10%),0-2(10%) | 1-2(10%) | 0-1(10%),A,0.664,
2026-06-13,Haiti,Scotland,Foxborough,Fase de Grupos,0.218,0.315,0.467,1.09,1.64,1-1(12%),1-1(12%) | 0-1(11%) | 1-2(10%),A,0.467,
2026-06-13,Brazil,Morocco,East Rutherford,Fase de Grupos,0.346,0.29,0.364,1.4,1.11,1-1(13%),1-1(13%) | 1-0(11%) | 0-1(9%),A,0.364,jogo aberto
2026-06-14,Sweden,Tunisia,Guadalupe,Fase de Grupos,0.437,0.291,0.272,1.36,1.18,1-1(13%),1-1(13%) | 1-0(11%) | 0-1(9%),H,0.437,
2026-06-14,Netherlands,Japan,Arlington,Fase de Grupos,0.363,0.331,0.307,1.46,1.13,1-1(12%),1-1(12%) | 1-0(11%) | 2-1(9%),H,0.363,jogo aberto
2026-06-14,Germany,Curaçao,Houston,Fase de Grupos,0.883,0.065,0.052,3.01,0.7,3-0(11%),3-0(11%) | 2-0(11%) | 4-0(8%),H,0.883,
2026-06-14,Ivory Coast,Ecuador,Philadelphia,Fase de Grupos,0.187,0.28,0.532,0.93,1.55,0-1(13%),0-1(13%) | 1-1(12%) | 0-2(10%),A,0.532,
2026-06-15,Belgium,Egypt,Seattle,Fase de Grupos,0.511,0.257,0.233,1.67,1.05,1-1(12%),1-1(12%) | 1-0(11%) | 2-1(10%),H,0.511,
2026-06-15,Iran,New Zealand,Inglewood,Fase de Grupos,0.576,0.259,0.165,1.86,0.8,1-0(13%),1-0(13%) | 2-0(12%) | 1-1(10%),H,0.576,
2026-06-15,Spain,Cape Verde,Atlanta,Fase de Grupos,0.876,0.074,0.05,3.32,0.64,3-0(12%),3-0(12%) | 2-0(11%) | 4-0(10%),H,0.876,
2026-06-15,Saudi Arabia,Uruguay,Miami Gardens,Fase de Grupos,0.162,0.232,0.607,0.84,1.63,0-1(14%),0-1(14%) | 1-1(12%) | 0-2(11%),A,0.607,
2026-06-16,Austria,Jordan,Santa Clara,Fase de Grupos,0.579,0.214,0.208,1.99,1.01,1-1(10%),1-1(10%) | 2-1(10%) | 1-0(10%),H,0.579,
2026-06-16,Argentina,Algeria,Kansas City,Fase de Grupos,0.69,0.219,0.092,2.27,0.83,2-0(12%),2-0(12%) | 1-0(10%) | 2-1(10%),H,0.69,
2026-06-16,France,Senegal,East Rutherford,Fase de Grupos,0.58,0.226,0.195,1.82,1.14,1-1(11%),1-1(11%) | 2-1(10%) | 1-0(9%),H,0.58,
2026-06-16,Iraq,Norway,Foxborough,Fase de Grupos,0.202,0.32,0.479,1.07,1.68,1-1(12%),1-1(12%) | 0-1(11%) | 1-2(10%),A,0.479,
2026-06-17,Ghana,Panama,Toronto,Fase de Grupos,0.206,0.311,0.483,0.93,1.79,0-1(12%),0-1(12%) | 1-1(11%) | 0-2(11%),A,0.483,
2026-06-17,Portugal,DR Congo,Houston,Fase de Grupos,0.674,0.24,0.086,2.09,0.82,2-0(12%),2-0(12%) | 1-0(11%) | 2-1(10%),H,0.674,
2026-06-17,England,Croatia,Arlington,Fase de Grupos,0.429,0.214,0.357,1.61,1.12,1-1(12%),1-1(12%) | 1-0(11%) | 2-1(9%),H,0.429,
2026-06-17,Uzbekistan,Colombia,Mexico City,Fase de Grupos,0.196,0.315,0.489,1.07,1.71,1-1(11%),1-1(11%) | 0-1(11%) | 1-2(10%),A,0.489,
2026-06-18,Czech Republic,South Africa,Atlanta,Fase de Grupos,0.51,0.262,0.228,1.72,1.08,1-1(11%),1-1(11%) | 1-0(11%) | 2-1(10%),H,0.51,
2026-06-18,Mexico,South Korea,Zapopan,Fase de Grupos,0.547,0.256,0.197,1.52,0.76,1-0(16%),1-0(16%) | 2-0(12%) | 1-1(12%),H,0.547,
2026-06-18,Switzerland,Bosnia and Herzegovina,Inglewood,Fase de Grupos,0.69,0.158,0.153,1.97,1.01,1-1(10%),1-1(10%) | 1-0(10%) | 2-1(10%),H,0.69,
2026-06-18,Canada,Qatar,Vancouver,Fase de Grupos,0.756,0.168,0.076,2.28,0.56,2-0(15%),2-0(15%) | 1-0(13%) | 3-0(12%),H,0.756,
2026-06-19,Turkey,Paraguay,Santa Clara,Fase de Grupos,0.463,0.284,0.253,1.43,1.23,1-1(12%),1-1(12%) | 1-0(10%) | 2-1(9%),H,0.463,
2026-06-19,Scotland,Morocco,Foxborough,Fase de Grupos,0.126,0.2,0.674,0.87,2.03,0-2(11%),0-2(11%) | 0-1(11%) | 1-2(10%),A,0.674,
2026-06-19,Brazil,Haiti,Philadelphia,Fase de Grupos,0.857,0.1,0.042,2.78,0.52,2-0(14%),2-0(14%) | 3-0(13%) | 1-0(10%),H,0.857,
2026-06-19,United States,Australia,Seattle,Fase de Grupos,0.395,0.31,0.295,1.41,1.07,1-1(13%),1-1(13%) | 1-0(12%) | 0-1(9%),H,0.395,jogo aberto
2026-06-20,Netherlands,Sweden,Houston,Fase de Grupos,0.598,0.254,0.148,2.12,0.82,2-0(12%),2-0(12%) | 1-0(11%) | 2-1(10%),H,0.598,
2026-06-20,Tunisia,Japan,Guadalupe,Fase de Grupos,0.158,0.247,0.595,0.79,1.67,0-1(14%),0-1(14%) | 0-2(12%) | 1-1(11%),A,0.595,
2026-06-20,Germany,Ivory Coast,Toronto,Fase de Grupos,0.626,0.245,0.129,1.92,1.01,1-1(10%),1-1(10%) | 1-0(10%) | 2-1(10%),H,0.626,
2026-06-20,Ecuador,Curaçao,Kansas City,Fase de Grupos,0.769,0.171,0.059,2.51,0.62,2-0(14%),2-0(14%) | 3-0(12%) | 1-0(11%),H,0.769,
2026-06-21,Uruguay,Cape Verde,Miami Gardens,Fase de Grupos,0.67,0.239,0.092,1.96,0.86,1-0(12%),1-0(12%) | 2-0(11%) | 1-1(10%),H,0.67,
2026-06-21,Spain,Saudi Arabia,Atlanta,Fase de Grupos,0.883,0.07,0.047,3.18,0.55,3-0(13%),3-0(13%) | 2-0(12%) | 4-0(10%),H,0.883,
2026-06-21,New Zealand,Egypt,Vancouver,Fase de Grupos,0.27,0.315,0.415,0.99,1.48,0-1(12%),0-1(12%) | 1-1(12%) | 0-2(9%),A,0.415,
2026-06-21,Belgium,Iran,Inglewood,Fase de Grupos,0.448,0.294,0.258,1.56,1.37,1-1(11%),1-1(11%) | 2-1(9%) | 1-0(8%),H,0.448,
2026-06-22,Jordan,Algeria,Santa Clara,Fase de Grupos,0.229,0.273,0.498,0.97,1.98,0-1(10%),0-1(10%) | 0-2(10%) | 1-1(10%),A,0.498,
2026-06-22,France,Iraq,Philadelphia,Fase de Grupos,0.708,0.208,0.084,2.31,0.8,2-0(12%),2-0(12%) | 1-0(10%) | 2-1(10%),H,0.708,
2026-06-22,Argentina,Austria,Arlington,Fase de Grupos,0.696,0.204,0.1,2.24,0.82,2-0(12%),2-0(12%) | 1-0(11%) | 2-1(10%),H,0.696,
2026-06-22,Norway,Senegal,East Rutherford,Fase de Grupos,0.376,0.275,0.349,1.42,1.43,1-1(12%),1-1(12%) | 1-2(8%) | 2-1(8%),H,0.376,jogo aberto
2026-06-23,Portugal,Uzbekistan,Houston,Fase de Grupos,0.574,0.269,0.156,1.83,1.02,1-1(11%),1-1(11%) | 1-0(11%) | 2-1(10%),H,0.574,
2026-06-23,Colombia,DR Congo,Zapopan,Fase de Grupos,0.668,0.242,0.089,1.93,0.83,1-0(12%),1-0(12%) | 2-0(12%) | 1-1(10%),H,0.668,
2026-06-23,England,Ghana,Foxborough,Fase de Grupos,0.894,0.059,0.047,2.87,0.64,2-0(12%),2-0(12%) | 3-0(12%) | 1-0(9%),H,0.894,
2026-06-23,Panama,Croatia,Toronto,Fase de Grupos,0.205,0.286,0.508,1.1,1.83,1-1(11%),1-1(11%) | 1-2(10%) | 0-1(10%),A,0.508,
2026-06-24,Morocco,Haiti,Atlanta,Fase de Grupos,0.745,0.185,0.07,2.2,0.69,2-0(13%),2-0(13%) | 1-0(12%) | 3-0(10%),H,0.745,
2026-06-24,Bosnia and Herzegovina,Qatar,Seattle,Fase de Grupos,0.38,0.269,0.351,1.43,1.18,1-1(12%),1-1(12%) | 1-0(10%) | 2-1(9%),H,0.38,jogo aberto
2026-06-24,Scotland,Brazil,Miami Gardens,Fase de Grupos,0.153,0.206,0.641,0.81,1.99,0-1(12%),0-1(12%) | 0-2(12%) | 1-1(10%),A,0.641,
2026-06-24,South Africa,South Korea,Guadalupe,Fase de Grupos,0.157,0.215,0.628,1.0,1.74,0-1(11%),0-1(11%) | 1-1(11%) | 0-2(10%),A,0.628,
2026-06-24,Mexico,Czech Republic,Mexico City,Fase de Grupos,0.655,0.189,0.156,1.67,0.88,1-0(13%),1-0(13%) | 1-1(11%) | 2-0(11%),H,0.655,
2026-06-24,Canada,Switzerland,Vancouver,Fase de Grupos,0.416,0.309,0.275,1.56,0.97,1-0(12%),1-0(12%) | 1-1(12%) | 2-0(10%),H,0.416,
2026-06-25,Tunisia,Netherlands,Kansas City,Fase de Grupos,0.12,0.216,0.665,0.85,2.12,0-2(12%),0-2(12%) | 0-1(11%) | 1-2(10%),A,0.665,
2026-06-25,Japan,Sweden,Arlington,Fase de Grupos,0.545,0.288,0.168,1.77,0.89,1-0(12%),1-0(12%) | 1-1(11%) | 2-0(11%),H,0.545,
2026-06-25,Paraguay,Australia,Santa Clara,Fase de Grupos,0.337,0.293,0.37,1.13,1.19,1-1(13%),1-1(13%) | 0-1(12%) | 1-0(11%),A,0.37,jogo aberto
2026-06-25,United States,Turkey,Inglewood,Fase de Grupos,0.357,0.304,0.339,1.33,1.16,1-1(13%),1-1(13%) | 1-0(11%) | 0-1(10%),H,0.357,jogo aberto
2026-06-25,Ecuador,Germany,East Rutherford,Fase de Grupos,0.334,0.251,0.415,1.06,1.43,1-1(13%),1-1(13%) | 0-1(12%) | 1-2(9%),A,0.415,
2026-06-25,Curaçao,Ivory Coast,Philadelphia,Fase de Grupos,0.128,0.22,0.652,0.95,2.02,0-2(11%),0-2(11%) | 0-1(10%) | 1-2(10%),A,0.652,
2026-06-26,Senegal,Iraq,Toronto,Fase de Grupos,0.567,0.234,0.2,1.67,0.95,1-0(12%),1-0(12%) | 1-1(12%) | 2-0(10%),H,0.567,
2026-06-26,Norway,France,Foxborough,Fase de Grupos,0.186,0.235,0.579,1.04,1.81,1-1(11%),1-1(11%) | 0-1(11%) | 1-2(10%),A,0.579,
2026-06-26,Uruguay,Spain,Zapopan,Fase de Grupos,0.143,0.248,0.608,0.8,2.02,0-2(12%),0-2(12%) | 0-1(12%) | 1-2(10%),A,0.608,
2026-06-26,New Zealand,Belgium,Vancouver,Fase de Grupos,0.128,0.201,0.671,1.04,2.46,1-2(10%),1-2(10%) | 0-2(9%) | 1-3(8%),A,0.671,
2026-06-26,Egypt,Iran,Seattle,Fase de Grupos,0.286,0.34,0.375,1.04,1.39,1-1(13%),1-1(13%) | 0-1(12%) | 1-0(9%),A,0.375,jogo aberto
2026-06-26,Cape Verde,Saudi Arabia,Houston,Fase de Grupos,0.374,0.283,0.343,1.28,1.29,1-1(13%),1-1(13%) | 0-1(10%) | 1-0(10%),H,0.374,jogo aberto
2026-06-27,Panama,England,East Rutherford,Fase de Grupos,0.109,0.172,0.719,0.73,2.27,0-2(13%),0-2(13%) | 0-1(11%) | 0-3(10%),A,0.719,
2026-06-27,Algeria,Austria,Kansas City,Fase de Grupos,0.338,0.316,0.346,1.27,1.49,1-1(12%),1-1(12%) | 0-1(9%) | 1-2(9%),A,0.346,jogo aberto
2026-06-27,Jordan,Argentina,Arlington,Fase de Grupos,0.07,0.182,0.748,0.7,2.95,0-2(11%),0-2(11%) | 0-3(11%) | 0-4(8%),A,0.748,
2026-06-27,Colombia,Portugal,Miami Gardens,Fase de Grupos,0.315,0.271,0.415,1.39,1.59,1-1(11%),1-1(11%) | 1-2(9%) | 0-1(8%),A,0.415,
2026-06-27,DR Congo,Uzbekistan,Atlanta,Fase de Grupos,0.261,0.374,0.365,1.03,1.31,1-1(13%),1-1(13%) | 0-1(13%) | 1-0(10%),D,0.374,jogo aberto; empate favorito (LightGBM tem vies anti-empate)
2026-06-27,Croatia,Ghana,Philadelphia,Fase de Grupos,0.802,0.125,0.073,2.74,0.78,2-0(11%),2-0(11%) | 3-0(10%) | 2-1(9%),H,0.802,
